Workbook

Sheet 概要
A1: 図11 等価コンクリート減衰 — 解析ブック
A2: 黄色=入力 / 水色=数式。グラフは「減衰曲線」シート上部。
A4: 主結果（測定点シートへの参照）
A5: 地点 | B5: X | C5: t_eq[cm] | D5: 相対 | E5: 理論 | F5: 残差
A6: =測定点!A5 | B6: =測定点!D5 | C6: =測定点!G5 | D6: =測定点!F5 | E6: =測定点!H5 | F6: =測定点!I5
A7: =測定点!A6 | B7: =測定点!D6 | C7: =測定点!G6 | D7: =測定点!F6 | E7: =測定点!H6 | F7: =測定点!I6
A8: =測定点!A7 | B8: =測定点!D7 | C8: =測定点!G7 | D8: =測定点!F7 | E8: =測定点!H7 | F8: =測定点!I7
A9: =測定点!A8 | B9: =測定点!D8 | C9: =測定点!G8 | D9: =測定点!F8 | E9: =測定点!H8 | F9: =測定点!I8
A10: =測定点!A9 | B10: =測定点!D9 | C10: =測定点!G9 | D10: =測定点!F9 | E10: =測定点!H9 | F10: =測定点!I9
A12: 開けない原因だったもの: 説明列に λ を含む不正数式 (=A0*EXP(-x/λ)) が入っていた。
A13: PNG: 11_全地点_等価コンクリート.png

Sheet パラメータ
A1: 定数（黄色=入力。他シートの数式が参照）
A2: 水色=数式。説明は文字列（先頭を = にしない）。
A4: 記号 | B4: 値 | C4: 単位 | D4: 説明
A5: A0 | B5: 1 | C5: - | D5: 理論の規格化
A6: lambda_cm | B6: 77 | C6: cm | D6: A=A0*EXP(-x/lambda_cm), x is t_eq [cm]
A7: lambda_m | B7: =B6/100 | C7: m | D7: lambda_cm / 100 (=0.77 m)
A8: rho_c | B8: 2.3 | C8: g/cm3 | D8: concrete density
A9: rho_loam | B9: 1.35 | C9: g/cm3 | D9: Kanto loam
A10: rho_joso | B10: 1.65 | C10: g/cm3 | D10: Joso clay
A11: loam_max | B11: 400 | C11: cm | D11: loam / joso boundary
A12: lambda_air | B12: 1475 | C12: m | D12: air (reference)
A13: CPS0 | B13: =測定点!E5 | C13: 1/s | D13: ground CPS (linked)
A15: 数式の書き方（文字列・コピー用）
A16: 相対: =E5/パラメータ!$B$13
A17: t_eq: =D5/パラメータ!$B$8
A18: 理論: =パラメータ!$B$5*EXP(-G5/パラメータ!$B$6) ※ G5=t_eq[cm], B6=lambda_cm
A19: 曲線: =パラメータ!$B$5*EXP(-A5/パラメータ!$B$6) ※ A5=t_eq[cm]

Sheet 測定点
A1: 測定点（黄色=入力、水色=数式）
A2: 理論セル例: =パラメータ!$B$5*EXP(-G5/パラメータ!$B$6) （G=t_eq[cm], B6=lambda=77cm）
A4: 地点 | B4: t_c [cm] | C4: t_soil [cm] | D4: X [g/cm2] | E4: CPS | F4: 相対 | G4: t_eq [cm] | H4: 理論A | I4: 相対-理論 | J4: 備考
A5: 地上 | B5: 0 | C5: 0 | D5: =B5*パラメータ!$B$8+MIN(C5,パラメータ!$B$11)*パラメータ!$B$9+MAX(0,C5-パラメータ!$B$11)*パラメータ!$B$10 | E5: 0.52514597 | F5: =E5/パラメータ!$B$13 | G5: =D5/パラメータ!$B$8 | H5: =パラメータ!$B$5*EXP(-G5/パラメータ!$B$6) | I5: =F5-H5 | J5: 基準（屋外）
A6: PF | B6: 105 | C6: 0 | D6: =B6*パラメータ!$B$8+MIN(C6,パラメータ!$B$11)*パラメータ!$B$9+MAX(0,C6-パラメータ!$B$11)*パラメータ!$B$10 | E6: 0.25108616 | F6: =E6/パラメータ!$B$13 | G6: =D6/パラメータ!$B$8 | H6: =パラメータ!$B$5*EXP(-G6/パラメータ!$B$6) | I6: =F6-H6 | J6: X=241.50
A7: linac | B7: 150 | C7: 0 | D7: =B7*パラメータ!$B$8+MIN(C7,パラメータ!$B$11)*パラメータ!$B$9+MAX(0,C7-パラメータ!$B$11)*パラメータ!$B$10 | E7: 0.06478913 | F7: =E7/パラメータ!$B$13 | G7: =D7/パラメータ!$B$8 | H7: =パラメータ!$B$5*EXP(-G7/パラメータ!$B$6) | I7: =F7-H7 | J7: X=345.00
A8: BT | B8: 60 | C8: 220 | D8: =B8*パラメータ!$B$8+MIN(C8,パラメータ!$B$11)*パラメータ!$B$9+MAX(0,C8-パラメータ!$B$11)*パラメータ!$B$10 | E8: 0.11475671 | F8: =E8/パラメータ!$B$13 | G8: =D8/パラメータ!$B$8 | H8: =パラメータ!$B$5*EXP(-G8/パラメータ!$B$6) | I8: =F8-H8 | J8: 土はロームのみ（220 cm < 4 m）
A9: KEKB | B9: 80 | C9: 670 | D9: =B9*パラメータ!$B$8+MIN(C9,パラメータ!$B$11)*パラメータ!$B$9+MAX(0,C9-パラメータ!$B$11)*パラメータ!$B$10 | E9: 0.0399324 | F9: =E9/パラメータ!$B$13 | G9: =D9/パラメータ!$B$8 | H9: =パラメータ!$B$5*EXP(-G9/パラメータ!$B$6) | I9: =F9-H9 | J9: ローム4 m + 常総2.7 m（Book5の117.25は桁誤り）
A11: 密度（パラメータ参照）: コンクリ2.3 / ローム1.35 / 常総1.65、ローム上限400 cm
A12: 手計算チェック
A13: EXP(-150/77) | B13: =パラメータ!$B$5*EXP(-150/パラメータ!$B$6) | C13: linac理論 | D13: =H7

Sheet 減衰曲線
A1: 理論曲線と測定点（日本語グラフ）
A2: 緑列=グラフ用数値 / 水色=数式。各点の解説は右表とグラフ凡例を参照。
A4: t_eq[cm] | B4: 理論(数式) | C4: 理論(値) | F4: 地点 | G4: x[cm] | H4: 相対(数式) | I4: 相対(値) | J4: 理論値 | K4: ラベル | L4: 解説
A5: 0 | B5: =パラメータ!$B$5*EXP(-A5/パラメータ!$B$6) | C5: 1 | F5: 地上 | G5: 0 | H5: =測定点!F5 | I5: 1 | J5: 1 | K5: 地上 1.000 | L5: 基準（屋外）。相対=1に規格化
A6: 10.576348 | B6: =パラメータ!$B$5*EXP(-A6/パラメータ!$B$6) | C6: 0.87166059 | F6: PF | G6: 105 | H6: =測定点!F6 | I6: 0.47812642 | J6: 0.25572916 | K6: PF 0.478 | L6: コンクリート105cm。理論より高い（屋内γ等）
A7: 21.152696 | B7: =パラメータ!$B$5*EXP(-A7/パラメータ!$B$6) | C7: 0.75979218 | F7: linac | G7: 150 | H7: =測定点!F7 | I7: 0.12337356 | J7: 0.1425515 | K7: linac 0.123 | L7: コンクリート150cm。理論曲線に近い
A8: 31.729043 | B8: =パラメータ!$B$5*EXP(-A8/パラメータ!$B$6) | C8: 0.6622809 | F8: BT | G8: 189.13043 | H8: =測定点!F8 | I8: 0.21852345 | J8: 0.085756841 | K8: BT 0.219 | L8: コンクリ60+土220cm。理論より高い
A9: 42.305391 | B9: =パラメータ!$B$5*EXP(-A9/パラメータ!$B$6) | C9: 0.57728415 | F9: KEKB | G9: 508.47826 | H9: =測定点!F9 | I9: 0.076040572 | J9: 0.0013554608 | K9: KEKB 0.076 | L9: コンクリ80+ローム400+常総270cm。厚いが相対は理論より高い
A10: 52.881739 | B10: =パラメータ!$B$5*EXP(-A10/パラメータ!$B$6) | C10: 0.50319584
A11: 63.458087 | B11: =パラメータ!$B$5*EXP(-A11/パラメータ!$B$6) | C11: 0.43861598
A12: 74.034435 | B12: =パラメータ!$B$5*EXP(-A12/パラメータ!$B$6) | C12: 0.38232427
A13: 84.610783 | B13: =パラメータ!$B$5*EXP(-A13/パラメータ!$B$6) | C13: 0.33325699
A14: 95.18713 | B14: =パラメータ!$B$5*EXP(-A14/パラメータ!$B$6) | C14: 0.29048699
A15: 105.76348 | B15: =パラメータ!$B$5*EXP(-A15/パラメータ!$B$6) | C15: 0.25320606
A16: 116.33983 | B16: =パラメータ!$B$5*EXP(-A16/パラメータ!$B$6) | C16: 0.22070974
A17: 126.91617 | B17: =パラメータ!$B$5*EXP(-A17/パラメータ!$B$6) | C17: 0.19238398
A18: 137.49252 | B18: =パラメータ!$B$5*EXP(-A18/パラメータ!$B$6) | C18: 0.16769353
A19: 148.06887 | B19: =パラメータ!$B$5*EXP(-A19/パラメータ!$B$6) | C19: 0.14617184
A20: 158.64522 | B20: =パラメータ!$B$5*EXP(-A20/パラメータ!$B$6) | C20: 0.12741224
A21: 169.22156 | B21: =パラメータ!$B$5*EXP(-A21/パラメータ!$B$6) | C21: 0.11106022
... A55: 528.81739 | B55: =パラメータ!$B$5*EXP(-A55/パラメータ!$B$6) | C55: 0.0010408076
A57: 各点の解説
A58: 地点 | B58: t_eq [cm] | C58: 相対 | D58: 理論 | E58: 解説
A59: =F5 | B59: =G5 | C59: =I5 | D59: =J5 | E59: =L5
A60: =F6 | B60: =G6 | C60: =I6 | D60: =J6 | E60: =L6
A61: =F7 | B61: =G7 | C61: =I7 | D61: =J7 | E61: =L7
A62: =F8 | B62: =G8 | C62: =I8 | D62: =J8 | E62: =L8
A63: =F9 | B63: =G9 | C63: =I9 | D63: =J9 | E63: =L9
A65: 読み方
A66: 灰色の曲線が理論減衰。色付き点が測定。linacは理論に近く、PF/BT/KEKBは理論より高い（単純遮蔽だけでは説明しきれない成分がある）。

Sheet 解釈
A1: トラブルシュート
A3: ・グラフは「減衰曲線」シート。タイトル・軸・凡例は日本語。各地点は色分けされ凡例に名前が出る。
A4: ・各点の解説はグラフ下の表（地点・相対・理論・解説）を参照。
A5: ・本物の数式は水色セル（例: 測定点!H5 =パラメータ!$B$5*EXP(-G5/パラメータ!$B$6)）。
A6: ・PNG図: figures/11_全地点_等価コンクリート.png。理論は A=A0·exp(-x/77)、xは等価コンクリート厚[cm]。
