Workbook

Sheet グラフ
A1: 相対CPS vs 等価コンクリート厚さ（図11）
A3: 空気（x≤0） | D3: 理論曲線 | G3: 測定点（データ参照）
A4: x[cm] | B4: y | D4: t_eq[cm] | E4: 理論A | G4: 地点 | H4: t_eq[cm] | I4: 相対 | J4: ラベル
A5: -20 | B5: =EXP(A5/データ!$B$14) | D5: 0 | E5: =データ!$B$12*EXP(-D5/データ!$B$11) | G5: =データ!A18 | H5: =データ!I18 | I5: =データ!E18 | J5: =データ!L18
A6: -18 | B6: =EXP(A6/データ!$B$14) | D6: 10 | E6: =データ!$B$12*EXP(-D6/データ!$B$11) | G6: =データ!A19 | H6: =データ!I19 | I6: =データ!E19 | J6: =データ!L19
A7: -16 | B7: =EXP(A7/データ!$B$14) | D7: 20 | E7: =データ!$B$12*EXP(-D7/データ!$B$11) | G7: =データ!A20 | H7: =データ!I20 | I7: =データ!E20 | J7: =データ!L20
A8: -14 | B8: =EXP(A8/データ!$B$14) | D8: 30 | E8: =データ!$B$12*EXP(-D8/データ!$B$11) | G8: =データ!A21 | H8: =データ!I21 | I8: =データ!E21 | J8: =データ!L21
A9: -12 | B9: =EXP(A9/データ!$B$14) | D9: 40 | E9: =データ!$B$12*EXP(-D9/データ!$B$11) | G9: =データ!A22 | H9: =データ!I22 | I9: =データ!E22 | J9: =データ!L22
A10: -10 | B10: =EXP(A10/データ!$B$14) | D10: 50 | E10: =データ!$B$12*EXP(-D10/データ!$B$11)
A11: -8 | B11: =EXP(A11/データ!$B$14) | D11: 60 | E11: =データ!$B$12*EXP(-D11/データ!$B$11) | G11: 注釈（数式）
A12: -6 | B12: =EXP(A12/データ!$B$14) | D12: 70 | E12: =データ!$B$12*EXP(-D12/データ!$B$11) | G12: =G5 | H12: =J5
A13: -4 | B13: =EXP(A13/データ!$B$14) | D13: 80 | E13: =データ!$B$12*EXP(-D13/データ!$B$11) | G13: =G6 | H13: =J6
A14: -2 | B14: =EXP(A14/データ!$B$14) | D14: 90 | E14: =データ!$B$12*EXP(-D14/データ!$B$11) | G14: =G7 | H14: =J7
A15: 0 | B15: =EXP(A15/データ!$B$14) | D15: 100 | E15: =データ!$B$12*EXP(-D15/データ!$B$11) | G15: =G8 | H15: =J8
D16: 110 | E16: =データ!$B$12*EXP(-D16/データ!$B$11) | G16: =G9 | H16: =J9
A17: 凡例: 青=空気 λ=1475 m / 灰=A0·e^(-x/0.77) / 赤=測定（地上=1） | D17: 120 | E17: =データ!$B$12*EXP(-D17/データ!$B$11)
D18: 130 | E18: =データ!$B$12*EXP(-D18/データ!$B$11)
D19: 140 | E19: =データ!$B$12*EXP(-D19/データ!$B$11)
D20: 150 | E20: =データ!$B$12*EXP(-D20/データ!$B$11)
D21: 160 | E21: =データ!$B$12*EXP(-D21/データ!$B$11)
D22: 170 | E22: =データ!$B$12*EXP(-D22/データ!$B$11)
D23: 180 | E23: =データ!$B$12*EXP(-D23/データ!$B$11)
D24: 190 | E24: =データ!$B$12*EXP(-D24/データ!$B$11)
D25: 200 | E25: =データ!$B$12*EXP(-D25/データ!$B$11)
D26: 210 | E26: =データ!$B$12*EXP(-D26/データ!$B$11)
D27: 220 | E27: =データ!$B$12*EXP(-D27/データ!$B$11)
D28: 230 | E28: =データ!$B$12*EXP(-D28/データ!$B$11)
D29: 240 | E29: =データ!$B$12*EXP(-D29/データ!$B$11)
... D58: 530 | E58: =データ!$B$12*EXP(-D58/データ!$B$11)

Sheet データ
A1: 等価コンクリート減衰（図11）
A2: 定数・測定値は数値入力。CPS・相対・X・t_eq・理論は数式。グラフは「グラフ」シート。
A4: 定数
A5: 記号 | B5: 値 | C5: 単位 | D5: 説明
A6: rho_c | B6: 2.3 | C6: g/cm3 | D6: コンクリート密度
A7: rho_loam | B7: 1.35 | C7: g/cm3 | D7: 関東ローム
A8: rho_joso | B8: 1.65 | C8: g/cm3 | D8: 常総粘土
A9: loam_max | B9: 400 | C9: cm | D9: ローム上限 4m
A10: lambda_m | B10: 0.77 | C10: m | D10: 理論の減衰長
A11: lambda_cm | B11: =B10*100 | C11: cm | D11: lambda_m×100
A12: A0 | B12: 1 | C12: - | D12: 規格化
A13: lambda_air_m | B13: 1475 | C13: m | D13: 空気の減衰長
A14: lambda_air_cm | B14: =B13*100 | C14: cm | D14: 空気の減衰長[cm]
A16: 測定点
A17: 地点 | B17: 分子 | C17: 分母 | D17: CPS | E17: 相対 | F17: 土[cm] | G17: コンクリ[cm] | H17: X[g/cm2] | I17: t_eq[cm] | J17: x[m] | K17: 理論A | L17: ラベル
A18: 地上 | B18: 2495 | C18: 4751.06 | D18: =B18/C18 | E18: =D18/$D$18 | F18: 0 | G18: 0 | H18: =G18*$B$6+MIN(F18,$B$9)*$B$7+MAX(0,F18-$B$9)*$B$8 | I18: =H18/$B$6 | J18: =I18/100 | K18: =$B$12*EXP(-J18/$B$10) | L18: =A18&" 相対"&TEXT(E18,"0.000")&CHAR(10)&"（実測CPS "&TEXT(D18,"0.0000")&"）"
A19: PF | B19: 11485 | C19: 45741.27 | D19: =B19/C19 | E19: =D19/$D$18 | F19: 0 | G19: 105 | H19: =G19*$B$6+MIN(F19,$B$9)*$B$7+MAX(0,F19-$B$9)*$B$8 | I19: =H19/$B$6 | J19: =I19/100 | K19: =$B$12*EXP(-J19/$B$10) | L19: =A19&" 相対"&TEXT(E19,"0.000")&CHAR(10)&"（実測CPS "&TEXT(D19,"0.0000")&"）"
A20: linac | B20: 273 | C20: 4213.67 | D20: =B20/C20 | E20: =D20/$D$18 | F20: 0 | G20: 150 | H20: =G20*$B$6+MIN(F20,$B$9)*$B$7+MAX(0,F20-$B$9)*$B$8 | I20: =H20/$B$6 | J20: =I20/100 | K20: =$B$12*EXP(-J20/$B$10) | L20: =A20&" 相対"&TEXT(E20,"0.000")&CHAR(10)&"（実測CPS "&TEXT(D20,"0.0000")&"）"
A21: BT | B21: 1101 | C21: 9594.21 | D21: =B21/C21 | E21: =D21/$D$18 | F21: 220 | G21: 60 | H21: =G21*$B$6+MIN(F21,$B$9)*$B$7+MAX(0,F21-$B$9)*$B$8 | I21: =H21/$B$6 | J21: =I21/100 | K21: =$B$12*EXP(-J21/$B$10) | L21: =A21&" 相対"&TEXT(E21,"0.000")&CHAR(10)&"（実測CPS "&TEXT(D21,"0.0000")&"）"
A22: KEKB | B22: 1559 | C22: 39040.98 | D22: =B22/C22 | E22: =D22/$D$18 | F22: 670 | G22: 80 | H22: =G22*$B$6+MIN(F22,$B$9)*$B$7+MAX(0,F22-$B$9)*$B$8 | I22: =H22/$B$6 | J22: =I22/100 | K22: =$B$12*EXP(-J22/$B$10) | L22: =A22&" 相対"&TEXT(E22,"0.000")&CHAR(10)&"（実測CPS "&TEXT(D22,"0.0000")&"）"
A24: 数式
A25: CPS = 分子/分母
A26: 相対 = CPS / 地上CPS
A27: X = コンクリ×rho_c + MIN(土,400)×rho_loam + MAX(0,土-400)×rho_joso
A28: t_eq[cm] = X / rho_c
A29: 理論A = A0 × EXP(-x[m] / lambda_m) （図の A0·e^(-x/0.77)）
